{
  "imports": {
    "$fresh/": "https://deno.land/x/fresh@1.1.2/",
    "preact": "https://esm.sh/preact@10.11.0",
    "preact/": "https://esm.sh/preact@10.11.0/",
    "preact-render-to-string": "https://esm.sh/*preact-render-to-string@5.2.4",
    "@preact/signals": "https://esm.sh/*@preact/signals@1.0.3",
    "@preact/signals-core": "https://esm.sh/*@preact/signals-core@1.0.1",
    "twind": "https://esm.sh/twind@0.16.17",
    "twind/": "https://esm.sh/twind@0.16.17/",
    "prism": "https://esm.sh/prismjs@1.27.0",
    "prism/": "https://esm.sh/prismjs@1.27.0/",
    "gfm": "https://deno.land/x/gfm@0.1.19/mod.ts"
  }
}
